id,first_name,last_name,grade,email
1,John,Doe,10,ctroy978@gmail.com
2,Jane,Smith,11,ctroy978@gmail.com
3,Bob,Johnson,09,ctroy978@gmail.com
4,Alice,Williams,12,ctroy978@gmail.com
5,Charlie,Brown,10,ctroy978@gmail.com
6,Pfour,one,12,ctroy978@gmail.com
7,Pfour,two,12,ctroy978@gmail.com
8,Pfour,three,12,ctroy978@gmail.com
9,Pfour,four,12,ctroy978@gmail.com
10,Pfour,five,12,ctroy978@gmail.com
11,Pfour,six,12,ctroy978@gmail.com
12,Pfour,meven,12,ctroy978@gmail.com
13,Pfour,eight,12,ctroy978@gmail.com
14,Pfour,Nine,12,ctroy978@gmail.com
15,Pfour,ten,12,ctroy978@gmail.com
16,Pfour,eleven,12,ctroy978@gmail.com
17,Pfour,twelve,12,ctroy978@gmail.com
18,Pfour,thirteen,12,ctroy978@gmail.com
19,Pfour,fourteen,12,ctroy978@gmail.com
20,Pfour,fifteen,12,ctroy978@gmail.com
21,Pfour,sixteen,12,ctroy978@gmail.com
22,Pfour,seventeen,12,ctroy978@gmail.com
